<?xml version="1.0" encoding="UTF-8"?>
<GenRun Id="impl_1" LaunchPart="xc7z015clg485-1" LaunchTime="1770955011">
  <File Type="ROUTE-PWR" Name="top_fsm_power_routed.rpt"/>
  <File Type="PA-TCL" Name="top_fsm.tcl"/>
  <File Type="ROUTE-PWR-SUM" Name="top_fsm_power_summary_routed.pb"/>
  <File Type="REPORTS-TCL" Name="top_fsm_reports.tcl"/>
  <File Type="OPT-RQA-PB" Name="top_fsm_rqa_opted.pb"/>
  <File Type="BITSTR-MMI" Name="top_fsm.mmi"/>
  <File Type="OPT-METHODOLOGY-DRC" Name="top_fsm_methodology_drc_opted.rpt"/>
  <File Type="INIT-TIMING" Name="top_fsm_timing_summary_init.rpt"/>
  <File Type="OPT-TIMING" Name="top_fsm_timing_summary_opted.rpt"/>
  <File Type="OPT-DCP" Name="top_fsm_opt.dcp"/>
  <File Type="OPT-DRC" Name="top_fsm_drc_opted.rpt"/>
  <File Type="OPT-HWDEF" Name="top_fsm.hwdef"/>
  <File Type="PWROPT-DCP" Name="top_fsm_pwropt.dcp"/>
  <File Type="PWROPT-DRC" Name="top_fsm_drc_pwropted.rpt"/>
  <File Type="PWROPT-TIMING" Name="top_fsm_timing_summary_pwropted.rpt"/>
  <File Type="PLACE-DCP" Name="top_fsm_placed.dcp"/>
  <File Type="PLACE-IO" Name="top_fsm_io_placed.rpt"/>
  <File Type="PLACE-CLK" Name="top_fsm_clock_utilization_placed.rpt"/>
  <File Type="PLACE-UTIL" Name="top_fsm_utilization_placed.rpt"/>
  <File Type="PLACE-UTIL-PB" Name="top_fsm_utilization_placed.pb"/>
  <File Type="PLACE-CTRL" Name="top_fsm_control_sets_placed.rpt"/>
  <File Type="PLACE-SIMILARITY" Name="top_fsm_incremental_reuse_placed.rpt"/>
  <File Type="PLACE-PRE-SIMILARITY" Name="top_fsm_incremental_reuse_pre_placed.rpt"/>
  <File Type="BG-BIN" Name="top_fsm.bin"/>
  <File Type="PLACE-TIMING" Name="top_fsm_timing_summary_placed.rpt"/>
  <File Type="ROUTE-PWR-RPX" Name="top_fsm_power_routed.rpx"/>
  <File Type="PLACE-RQA-PB" Name="top_fsm_rqa_placed.pb"/>
  <File Type="POSTPLACE-PWROPT-DCP" Name="top_fsm_postplace_pwropt.dcp"/>
  <File Type="BITSTR-MSK" Name="top_fsm.msk"/>
  <File Type="POSTPLACE-PWROPT-TIMING" Name="top_fsm_timing_summary_postplace_pwropted.rpt"/>
  <File Type="PHYSOPT-DCP" Name="top_fsm_physopt.dcp"/>
  <File Type="PHYSOPT-DRC" Name="top_fsm_drc_physopted.rpt"/>
  <File Type="BITSTR-RBT" Name="top_fsm.rbt"/>
  <File Type="PHYSOPT-TIMING" Name="top_fsm_timing_summary_physopted.rpt"/>
  <File Type="ROUTE-ERROR-DCP" Name="top_fsm_routed_error.dcp"/>
  <File Type="ROUTE-DCP" Name="top_fsm_routed.dcp"/>
  <File Type="ROUTE-BLACKBOX-DCP" Name="top_fsm_routed_bb.dcp"/>
  <File Type="ROUTE-DRC" Name="top_fsm_drc_routed.rpt"/>
  <File Type="ROUTE-DRC-PB" Name="top_fsm_drc_routed.pb"/>
  <File Type="ROUTE-DRC-RPX" Name="top_fsm_drc_routed.rpx"/>
  <File Type="ROUTE-METHODOLOGY-DRC" Name="top_fsm_methodology_drc_routed.rpt"/>
  <File Type="ROUTE-METHODOLOGY-DRC-RPX" Name="top_fsm_methodology_drc_routed.rpx"/>
  <File Type="ROUTE-METHODOLOGY-DRC-PB" Name="top_fsm_methodology_drc_routed.pb"/>
  <File Type="ROUTE-RQS-PB" Name="top_fsm_rqs_routed.pb"/>
  <File Type="ROUTE-STATUS" Name="top_fsm_route_status.rpt"/>
  <File Type="ROUTE-STATUS-PB" Name="top_fsm_route_status.pb"/>
  <File Type="ROUTE-TIMINGSUMMARY" Name="top_fsm_timing_summary_routed.rpt"/>
  <File Type="ROUTE-TIMING-PB" Name="top_fsm_timing_summary_routed.pb"/>
  <File Type="ROUTE-TIMING-RPX" Name="top_fsm_timing_summary_routed.rpx"/>
  <File Type="ROUTE-SIMILARITY" Name="top_fsm_incremental_reuse_routed.rpt"/>
  <File Type="ROUTE-CLK" Name="top_fsm_clock_utilization_routed.rpt"/>
  <File Type="ROUTE-BUS-SKEW" Name="top_fsm_bus_skew_routed.rpt"/>
  <File Type="ROUTE-BUS-SKEW-PB" Name="top_fsm_bus_skew_routed.pb"/>
  <File Type="ROUTE-BUS-SKEW-RPX" Name="top_fsm_bus_skew_routed.rpx"/>
  <File Type="POSTROUTE-PHYSOPT-DCP" Name="top_fsm_postroute_physopt.dcp"/>
  <File Type="POSTROUTE-PHYSOPT-BLACKBOX-DCP" Name="top_fsm_postroute_physopt_bb.dcp"/>
  <File Type="POSTROUTE-PHYSOPT-TIMING" Name="LED_timing_summary_postroute_physopted.rpt"/>
  <File Type="POSTROUTE-PHYSOPT-TIMING-PB" Name="LED_timing_summary_postroute_physopted.pb"/>
  <File Type="POSTROUTE-PHYSOPT-TIMING-RPX" Name="LED_timing_summary_postroute_physopted.rpx"/>
  <File Type="POSTROUTE-PHYSOPT-BUS-SKEW" Name="LED_bus_skew_postroute_physopted.rpt"/>
  <File Type="BG-BIT" Name="top_fsm.bit"/>
  <File Type="POSTROUTE-PHYSOPT-BUS-SKEW-PB" Name="LED_bus_skew_postroute_physopted.pb"/>
  <File Type="POSTROUTE-PHYSOPT-BUS-SKEW-RPX" Name="LED_bus_skew_postroute_physopted.rpx"/>
  <File Type="BITSTR-NKY" Name="top_fsm.nky"/>
  <File Type="BITSTR-BMM" Name="top_fsm_bd.bmm"/>
  <File Type="PDI-FILE" Name="top_fsm.pdi"/>
  <File Type="BOOT-PDI-FILE" Name="top_fsm_soc.pdi"/>
  <File Type="PL-PDI-FILE" Name="top_fsm_pld.pdi"/>
  <File Type="RCFI_FILE" Name="top_fsm.rcfi"/>
  <File Type="CFI_FILE" Name="top_fsm.cfi"/>
  <File Type="RNPI_FILE" Name="top_fsm.rnpi"/>
  <File Type="NPI_FILE" Name="top_fsm.npi"/>
  <File Type="RBD_FILE" Name="top_fsm.rbd"/>
  <File Type="BITSTR-LTX" Name="debug_nets.ltx"/>
  <File Type="BITSTR-LTX" Name="top_fsm.ltx"/>
  <File Type="BITSTR-SYSDEF" Name="top_fsm.sysdef"/>
  <File Type="BG-BGN" Name="top_fsm.bgn"/>
  <File Type="BG-DRC" Name="top_fsm.drc"/>
  <File Type="RDI-RDI" Name="top_fsm.vdi"/>
  <File Type="WBT-USG" Name="usage_statistics_webtalk.html"/>
  <File Type="ROUTE-RQS" Name="top_fsm_routed.rqs"/>
  <File Type="POSTROUTE-PHYSOPT-RQS" Name="top_fsm_postroute_physopted.rqs"/>
  <File Type="ROUTE-RQS-RPT" Name="route_report_qor_suggestions_0.rpt"/>
  <File Type="POSTROUTE-PHYSOPT-RQS-RPT" Name="postroute_physopt_report_qor_suggestions_0.rpt"/>
  <FileSet Name="sources" Type="DesignSrcs" RelSrcDir="$PSRCDIR/sources_1" RelGenDir="$PGENDIR/sources_1">
    <Filter Type="Srcs"/>
    <File Path="$PPRDIR/traffic_fsm.v">
      <FileInfo>
        <Attr Name="UsedIn" Val="synthesis"/>
        <Attr Name="UsedIn" Val="implementation"/>
        <Attr Name="UsedIn" Val="simulation"/>
      </FileInfo>
    </File>
    <File Path="$PPRDIR/LED.v">
      <FileInfo>
        <Attr Name="UserDisabled" Val="1"/>
        <Attr Name="UsedIn" Val="synthesis"/>
        <Attr Name="UsedIn" Val="implementation"/>
        <Attr Name="UsedIn" Val="simulation"/>
      </FileInfo>
    </File>
    <Config>
      <Option Name="DesignMode" Val="RTL"/>
      <Option Name="TopModule" Val="top_fsm"/>
      <Option Name="TopAutoSet" Val="TRUE"/>
    </Config>
  </FileSet>
  <FileSet Name="constrs_in" Type="Constrs" RelSrcDir="$PSRCDIR/constrs_1" RelGenDir="$PGENDIR/constrs_1">
    <Filter Type="Constrs"/>
    <File Path="$PPRDIR/LED.xdc">
      <FileInfo>
        <Attr Name="UserDisabled" Val="1"/>
        <Attr Name="UsedIn" Val="synthesis"/>
        <Attr Name="UsedIn" Val="implementation"/>
      </FileInfo>
    </File>
    <File Path="$PSRCDIR/constrs_1/new/top.xdc">
      <FileInfo>
        <Attr Name="UsedIn" Val="synthesis"/>
        <Attr Name="UsedIn" Val="implementation"/>
      </FileInfo>
    </File>
    <Config>
      <Option Name="ConstrsType" Val="XDC"/>
    </Config>
  </FileSet>
  <FileSet Name="utils" Type="Utils" RelSrcDir="$PSRCDIR/utils_1" RelGenDir="$PGENDIR/utils_1">
    <Filter Type="Utils"/>
    <File Path="$PSRCDIR/utils_1/imports/synth_1/LED.dcp">
      <FileInfo>
        <Attr Name="UsedIn" Val="synthesis"/>
        <Attr Name="UsedIn" Val="implementation"/>
        <Attr Name="UsedInSteps" Val="synth_1"/>
        <Attr Name="AutoDcp" Val="1"/>
      </FileInfo>
    </File>
    <Config>
      <Option Name="TopAutoSet" Val="TRUE"/>
    </Config>
  </FileSet>
  <Strategy Version="1" Minor="2">
    <StratHandle Name="Vivado Implementation Defaults" Flow="Vivado Implementation 2023"/>
    <Step Id="init_design"/>
    <Step Id="opt_design"/>
    <Step Id="power_opt_design"/>
    <Step Id="place_design"/>
    <Step Id="post_place_power_opt_design"/>
    <Step Id="phys_opt_design"/>
    <Step Id="route_design"/>
    <Step Id="post_route_phys_opt_design"/>
    <Step Id="write_bitstream"/>
  </Strategy>
</GenRun>
